Category Name,Camera Name,View ID,X,Y,Z,heading,pitch,TrackIR Enabled,Smooth Transition,HeadShake,RetainMouseLookPosition, Enable Temporary Positioning,Enable Linear Transition,Linear Transition Frames,Enable Auto Advance,Limit TrackIR, Max TrackIR X,Max TrackIR Y,Max TrackIR Z,Min TrackIR X,Min TrackIR Y,Min TrackIR Z,Zoom,FOV,Enable FOV,Smooth Camera Joins, Enable Track Heading, Enable Track Pitch, CGY Offset, CGZ Offset, Enable Level Camera, Enable View Axis, Enable External Camera, Enable Cineflex Camera, Enable Free Camera, Initial Movement Range, Enable Bezier Transition, Run Code,Transition Seconds,Hidden Camera,X-Camera Version,Default FOV,Aircraft,Author,Camera File Version,Category Index,Manual Enable, Latitude,Longitude, Elevation, X-Plane 9 Chase View, roll, Target Following Camera, Scenic Flyer GA Panel, Scenic Flyer Glass Panel, Cinema Verite, CGX Offset, Hide Yoke, Enable Camera Axis, Enable XPRealistic, Enable RealView, Disable 3D Cockpit Zoom, AGL Camera, Height ABove AGL (Meters),Circle View, Transition Delay, Script ID 
Cockpit,Pilot View,30,-0.350520,0.758952,-1.155192,0.000000,0.000000,FALSE,FALSE,FALSE,FALSE,FALSE,FALSE,0,FALSE,FALSE,0.000000,0.000000,0.000000,0.000000,0.000000,0.000000,1.000000,80.000000,FALSE,FALSE,FALSE,FALSE,0.000000,0.000000,FALSE,FALSE,FALSE,FALSE,FALSE,1,FALSE,1790329109,0.0,FALSE,2.4,80.000000,Car_C208B, ,2020-08-04 16:34:48 ,0,FALSE,0,0,0,FALSE,0.000000,FALSE,FALSE,FALSE,FALSE,0.000000,0,FALSE,FALSE,FALSE,FALSE,FALSE,0.000000,FALSE,0.0,0
Cockpit,Quick Look 0,28,0.055775,-1.154242,6.063184,1.000000,0.000000,FALSE,TRUE,FALSE,FALSE,FALSE,FALSE,0,FALSE,FALSE,0.000000,0.000000,0.000000,0.000000,0.000000,0.000000,1.000000,80.000000,FALSE,FALSE,FALSE,FALSE,0.000000,0.000000,FALSE,FALSE,FALSE,FALSE,FALSE,1,FALSE,1790329109,0.5,FALSE,2.4,80.000000,Car_C208B, ,2020-08-04 16:34:48 ,0,FALSE,0,0,0,FALSE,0.000000,FALSE,FALSE,FALSE,FALSE,0.000000,0,FALSE,FALSE,FALSE,FALSE,FALSE,0.000000,FALSE,0.0,0
Cockpit,Quick Look 1,38,-0.597571,0.475772,-1.649893,350.000000,320.000000,FALSE,TRUE,FALSE,FALSE,FALSE,FALSE,0,FALSE,FALSE,0.000000,0.000000,0.000000,0.000000,0.000000,0.000000,1.000000,80.000000,FALSE,FALSE,FALSE,FALSE,0.000000,0.000000,FALSE,FALSE,FALSE,FALSE,FALSE,1,FALSE,1790329109,0.5,FALSE,2.4,80.000000,Car_C208B, ,2020-08-04 16:34:48 ,0,FALSE,0,0,0,FALSE,0.000000,FALSE,FALSE,FALSE,FALSE,0.000000,0,FALSE,FALSE,FALSE,FALSE,FALSE,0.000000,FALSE,0.0,0
Cockpit,Quick Look 2,3,0.000000,0.400000,-1.535280,0.000000,320.000000,FALSE,TRUE,FALSE,FALSE,FALSE,FALSE,0,FALSE,FALSE,0.000000,0.000000,0.000000,0.000000,0.000000,0.000000,1.000000,80.000000,FALSE,FALSE,FALSE,FALSE,0.000000,0.000000,FALSE,FALSE,FALSE,FALSE,FALSE,1,FALSE,1790329109,0.5,FALSE,2.4,80.000000,Car_C208B, ,2020-08-04 16:34:48 ,0,FALSE,0,0,0,FALSE,0.000000,FALSE,FALSE,FALSE,FALSE,0.000000,0,FALSE,FALSE,FALSE,FALSE,FALSE,0.000000,FALSE,0.0,0
Cockpit,Quick Look 3,4,0.000000,0.800000,3.164720,1.000000,0.000000,FALSE,TRUE,FALSE,FALSE,FALSE,FALSE,0,FALSE,FALSE,0.000000,0.000000,0.000000,0.000000,0.000000,0.000000,1.000000,80.000000,FALSE,FALSE,FALSE,FALSE,0.000000,0.000000,FALSE,FALSE,FALSE,FALSE,FALSE,1,FALSE,1790329109,0.5,FALSE,2.4,80.000000,Car_C208B, ,2020-08-04 16:34:48 ,0,FALSE,0,0,0,FALSE,0.000000,FALSE,FALSE,FALSE,FALSE,0.000000,0,FALSE,FALSE,FALSE,FALSE,FALSE,0.000000,FALSE,0.0,0
Cockpit,Quick Look 4,5,-0.350520,0.758952,-1.155192,0.000000,0.000000,FALSE,TRUE,FALSE,FALSE,FALSE,FALSE,0,FALSE,FALSE,0.000000,0.000000,0.000000,0.000000,0.000000,0.000000,1.000000,80.000000,FALSE,FALSE,FALSE,FALSE,0.000000,0.000000,FALSE,FALSE,FALSE,FALSE,FALSE,1,FALSE,1790329109,0.5,FALSE,2.4,80.000000,Car_C208B, ,2020-08-04 16:34:48 ,0,FALSE,0,0,0,FALSE,0.000000,FALSE,FALSE,FALSE,FALSE,0.000000,0,FALSE,FALSE,FALSE,FALSE,FALSE,0.000000,FALSE,0.0,0
Cockpit,Quick Look 5,6,0.000000,0.400000,-1.535280,0.000000,0.000000,FALSE,TRUE,FALSE,FALSE,FALSE,FALSE,0,FALSE,FALSE,0.000000,0.000000,0.000000,0.000000,0.000000,0.000000,1.000000,80.000000,FALSE,FALSE,FALSE,FALSE,0.000000,0.000000,FALSE,FALSE,FALSE,FALSE,FALSE,1,FALSE,1790329109,0.5,FALSE,2.4,80.000000,Car_C208B, ,2020-08-04 16:34:48 ,0,FALSE,0,0,0,FALSE,0.000000,FALSE,FALSE,FALSE,FALSE,0.000000,0,FALSE,FALSE,FALSE,FALSE,FALSE,0.000000,FALSE,0.0,0
Cockpit,Quick Look 6,7,0.350520,0.758952,-1.155192,0.000000,0.000000,FALSE,TRUE,FALSE,FALSE,FALSE,FALSE,0,FALSE,FALSE,0.000000,0.000000,0.000000,0.000000,0.000000,0.000000,1.000000,80.000000,FALSE,FALSE,FALSE,FALSE,0.000000,0.000000,FALSE,FALSE,FALSE,FALSE,FALSE,1,FALSE,1790329109,0.5,FALSE,2.4,80.000000,Car_C208B, ,2020-08-04 16:34:48 ,0,FALSE,0,0,0,FALSE,0.000000,FALSE,FALSE,FALSE,FALSE,0.000000,0,FALSE,FALSE,FALSE,FALSE,FALSE,0.000000,FALSE,0.0,0
Cockpit,Quick Look 7,8,-8.000000,1.000000,0.264720,95.000000,0.000000,FALSE,TRUE,FALSE,FALSE,FALSE,FALSE,0,FALSE,FALSE,0.000000,0.000000,0.000000,0.000000,0.000000,0.000000,1.000000,80.000000,FALSE,FALSE,FALSE,FALSE,0.000000,0.000000,FALSE,FALSE,FALSE,FALSE,FALSE,1,FALSE,1790329109,0.5,FALSE,2.4,80.000000,Car_C208B, ,2020-08-04 16:34:48 ,0,FALSE,0,0,0,FALSE,0.000000,FALSE,FALSE,FALSE,FALSE,0.000000,0,FALSE,FALSE,FALSE,FALSE,FALSE,0.000000,FALSE,0.0,0
Cockpit,Quick Look 8,9,0.000000,0.560000,-1.335280,1.000000,70.000000,FALSE,TRUE,FALSE,FALSE,FALSE,FALSE,0,FALSE,FALSE,0.000000,0.000000,0.000000,0.000000,0.000000,0.000000,1.000000,80.000000,FALSE,FALSE,FALSE,FALSE,0.000000,0.000000,FALSE,FALSE,FALSE,FALSE,FALSE,1,FALSE,1790329109,0.5,FALSE,2.4,80.000000,Car_C208B, ,2020-08-04 16:34:48 ,0,FALSE,0,0,0,FALSE,0.000000,FALSE,FALSE,FALSE,FALSE,0.000000,0,FALSE,FALSE,FALSE,FALSE,FALSE,0.000000,FALSE,0.0,0
Cockpit,Right Cam,10,2.172341,0.417951,-0.085093,5.000000,355.000000,FALSE,TRUE,FALSE,FALSE,FALSE,FALSE,0,FALSE,FALSE,0.000000,0.000000,0.000000,0.000000,0.000000,0.000000,1.000000,80.000000,FALSE,FALSE,FALSE,FALSE,0.000000,0.000000,FALSE,FALSE,FALSE,FALSE,FALSE,1,FALSE,1790329109,0.5,FALSE,2.4,80.000000,Car_C208B, ,2020-08-04 16:34:48 ,0,FALSE,0,0,0,FALSE,0.000000,FALSE,FALSE,FALSE,FALSE,0.000000,0,FALSE,FALSE,FALSE,FALSE,FALSE,0.000000,FALSE,0.0,0
Cockpit,TaxiNet,1,2.172341,0.417951,-0.085093,5.000000,355.000000,FALSE,TRUE,FALSE,FALSE,FALSE,FALSE,0,FALSE,FALSE,0.000000,0.000000,0.000000,0.000000,0.000000,0.000000,1.000000,80.000000,FALSE,FALSE,FALSE,FALSE,0.000000,0.000000,FALSE,FALSE,FALSE,FALSE,FALSE,1,FALSE,1790329109,0.5,FALSE,2.4,80.000000,Car_C208B, ,2020-08-04 16:34:48 ,0,FALSE,0,0,0,FALSE,0.000000,FALSE,FALSE,FALSE,FALSE,0.000000,0,FALSE,FALSE,FALSE,FALSE,FALSE,0.000000,FALSE,0.0,0
